{
    "server1id": {
        "metaname": "Server 1 ID",
        "file": "config.json",
        "item": "server1id",
        "hover": "The ID of the first Discord server",
        "hidden": "false",
        "uuid": "f0b34734-d3f9-11ed-afa1-0242ac120002"
    },
    "server1channelid": {
        "metaname": "Server 1 Channel ID",
        "file": "config.json",
        "item": "server1channelid",
        "hover": "The ID of the channel, this channel must be in the first server",
        "hidden": "false",
        "uuid": "f0b349e6-d3f9-11ed-afa1-0242ac120002"
    },
    "server1webhook": {
        "metaname": "Server 1 Webhook",
        "file": "config.json",
        "item": "server1webhook",
        "hover": "The Webhook URL of the channel above",
        "hidden": "true",
        "uuid": "f0b34b12-d3f9-11ed-afa1-0242ac120002"
    },
    "server2id": {
        "metaname": "Server 2 ID",
        "file": "config.json",
        "item": "server2id",
        "hover": "The ID of the second Discord server",
        "hidden": "false",
        "uuid": "f0b34c2a-d3f9-11ed-afa1-0242ac120002"
    },
    "server2channelid": {
        "metaname": "Server 2 Channel ID",
        "file": "config.json",
        "item": "server2channelid",
        "hover": "The ID of the channel, this channel must be in the second server",
        "hidden": "false",
        "uuid": "f0b34d2e-d3f9-11ed-afa1-0242ac120002"
    },
    "server2webhook": {
        "metaname": "Server 2 Webhook",
        "file": "config.json",
        "item": "server2webhook",
        "hover": "The Webhook URL of the channel above",
        "hidden": "true",
        "uuid": "f0b34e28-d3f9-11ed-afa1-0242ac120002"
    },
    "$UI": {
        "light": {
            "background": {
                "main": "",
                "alt": ""
            },
            "button": {
                "main": "#0ACC9F",
                "hov": "#0be8b5",
                "act": "#1df4c2",
                "hovact": "#39f5ca"
            }
        },
        "dark": {
            "background": {
                "main": "",
                "alt": ""
            },
            "button": {
                "main": "#0ACC9F",
                "hov": "#09b88f",
                "act": "#08a37f",
                "hovact": "#078f6f"
            }
        }
    }
}